-- phpMyAdmin SQL Dump
-- version 3.2.3
-- http://www.phpmyadmin.net
--
-- Host: localhost
-- Generation Time: Sep 19, 2013 at 07:23 AM
-- Server version: 5.1.40
-- PHP Version: 5.3.3

SET SQL_MODE="NO_AUTO_VALUE_ON_ZERO";


/*!40101 SET @OLD_CHARACTER_SET_CLIENT=@@CHARACTER_SET_CLIENT */;
/*!40101 SET @OLD_CHARACTER_SET_RESULTS=@@CHARACTER_SET_RESULTS */;
/*!40101 SET @OLD_COLLATION_CONNECTION=@@COLLATION_CONNECTION */;
/*!40101 SET NAMES utf8 */;

--
-- Database: `imibsuru_ru`
--

-- --------------------------------------------------------

--
-- Table structure for table `observer_groups`
--

CREATE TABLE IF NOT EXISTS `observer_groups` (
  `group_id` int(11) NOT NULL AUTO_INCREMENT,
  `group_code` varchar(255) NOT NULL,
  `group_name` varchar(255) NOT NULL,
  PRIMARY KEY (`group_id`)
) ENGINE=MyISAM  DEFAULT CHARSET=cp1251 AUTO_INCREMENT=28 ;

--
-- Dumping data for table `observer_groups`
--

INSERT INTO `observer_groups` (`group_id`, `group_code`, `group_name`) VALUES
(1, '05421', 'Математическое обеспечение и администрирование информационных систем'),
(2, '05490', 'Математическое обеспечение и администрирование информационных систем'),
(3, '05400', 'Математическое обеспечение и администрирование информационных систем'),
(4, '05422', 'Математическое обеспечение и администрирование информационных систем'),
(5, '05102б', 'Математика'),
(6, '05411', 'Математическое обеспечение и администрирование информационных систем'),
(7, '05310', 'Прикладная информатика'),
(8, '05110', 'Математика'),
(9, '05290', 'Прикладная математика и информатика'),
(10, '05130', 'Математика'),
(11, '05330', 'Прикладная информатика'),
(12, '05530', 'Математика и компьютерные науки'),
(13, '05211', 'Прикладная математика и информатика'),
(14, '05221', 'Прикладная математика и информатика'),
(15, '05280', 'Прикладная математика и информатика'),
(16, '05321', 'Прикладная информатика'),
(17, '05231', 'Прикладная математика и информатика'),
(18, '05430', 'Математическое обеспечение и администрирование информационных систем'),
(19, '05322', 'Прикладная информатика'),
(20, '05520', 'Математика и компьютерные науки'),
(21, '05201', 'Прикладная математика и информатика'),
(22, '05202б', 'Прикладная математика и информатика'),
(23, '05232', 'Прикладная математика и информатика'),
(24, '05120', 'Математика'),
(25, '05320', 'Прикладная информатика'),
(26, '05212', 'Прикладная математика и информатика'),
(27, '05192б', 'Математика');

-- --------------------------------------------------------

--
-- Table structure for table `observer_students`
--

CREATE TABLE IF NOT EXISTS `observer_students` (
  `student_id` int(11) NOT NULL AUTO_INCREMENT,
  `student_secname` varchar(255) NOT NULL,
  `student_name` varchar(255) NOT NULL,
  `student_patronymic` varchar(255) NOT NULL,
  `group_id` int(5) NOT NULL,
  PRIMARY KEY (`student_id`)
) ENGINE=MyISAM  DEFAULT CHARSET=cp1251 AUTO_INCREMENT=367 ;

--
-- Dumping data for table `observer_students`
--

INSERT INTO `observer_students` (`student_id`, `student_secname`, `student_name`, `student_patronymic`, `group_id`) VALUES
(1, 'Абарыкова', 'Юлия', 'Юрьевна', 1),
(2, 'Абашеева', 'Светлана', 'Евгеньевна', 2),
(3, 'Абашеева', 'Анастасия', 'Александровна', 3),
(4, 'Абокшинова', 'Арюна', 'Михайловна', 4),
(5, 'Аверин', 'Сергей', 'Сергеевич', 1),
(6, 'Аксенов', 'Евгений', 'Алексеевич', 5),
(7, 'Александрова', 'Екатерина', 'мгоревна', 6),
(8, 'Алексеев', 'Михаил', 'Геннадьевич', 7),
(9, 'Альмашов', 'Виктор', 'Васильевич', 8),
(10, 'Амараева', 'Валентина', 'мгоревна', 8),
(11, 'Амаханова', 'Арюна', 'Батуевна', 6),
(12, 'Ангархаева', 'Эржэна', 'Витальевна', 9),
(13, 'Анданова', 'Эржена', 'Баиржаповна', 1),
(14, 'Андреев', 'Олег', 'Владиславович', 10),
(15, 'Андронов', 'Роман', 'Олегович', 11),
(16, 'Арсентьев', 'Сергей', 'Александрович', 12),
(17, 'Асланян', 'Парандзем', 'Арбаковна', 13),
(18, 'Астраханцева', 'Александра', 'Анатольевна', 12),
(19, 'Атутов', 'Артем', 'Альбертович', 12),
(20, 'Афанасьева', 'Саран', 'Дабаевна', 14),
(21, 'Аюшеева', 'Виктория', 'Баировна', 10),
(22, 'Бабужапов', 'Буянто', 'Нимаевич', 13),
(23, 'Баглаева', 'Екатерина', 'Алексеевна', 8),
(24, 'Бадлуева', 'Саяна', 'Баторовна', 12),
(25, 'Бадмаев', 'Владислав', 'Вадимович', 5),
(26, 'Бадмаев', 'Биликто', 'Арсаланович', 1),
(27, 'Бадмаев', 'Бато', 'Баясхаланович', 11),
(28, 'Бадмаева', 'Балжин', 'Баировна', 15),
(29, 'Бадмацыренова', 'Дарима', 'Дашанимаевна', 8),
(30, 'Бадмацыренова', 'Сэсэгма', 'Баторовна', 4),
(31, 'Баентуров', 'Михаил', 'Семенович', 2),
(32, 'Базаров', 'Бато', 'Баторович', 16),
(33, 'Базаров', 'Шагдар', 'Галсанович', 12),
(34, 'Базаров', 'Алдар', 'Цырендоржиевич', 12),
(35, 'Базарова', 'Чимита', 'Балдановна', 15),
(36, 'Балаганская', 'Анна', 'Петровна', 6),
(37, 'Балакшиев', 'Эльдар', 'Гюльмамедович', 9),
(38, 'Балбаров', 'Гарма', 'Доржиевич', 6),
(39, 'Балдаев', 'Алексей', 'Александрович', 17),
(40, 'Балдакшинова', 'Екатерина', 'Петровна', 6),
(41, 'Балданов', 'Роберт', 'Валерьевич', 3),
(42, 'Балданова', 'Наталья', 'Владимировна', 6),
(43, 'Балжитов', 'Аюр', 'Баирович', 9),
(44, 'Балсанова', 'Наталья', 'Александровна', 12),
(45, 'Банзаров', 'Даба', 'Чимитович', 16),
(46, 'Бараан', 'Эртине', 'Никитич', 14),
(47, 'Барадиев', 'Ринчин', 'Вадимович', 11),
(48, 'Бархатов', 'Михаил', 'Петрович', 18),
(49, 'Бастуев', 'Арсалан', 'Владимирович', 6),
(50, 'Батоева', 'Цымжидма', 'Аюровна', 19),
(51, 'Батуев', 'Чимит', 'Тумэнович', 8),
(52, 'Батуев', 'Андрей', 'Сампилович', 14),
(53, 'Баяндылгырова', 'Вероника', 'Баировна', 18),
(54, 'Беликова', 'Галина', 'Николаевна', 1),
(55, 'Бессонов', 'мван', 'Сергеевич', 18),
(56, 'Борисов', 'мван', 'Александрович', 14),
(57, 'Бубеев', 'Булат', 'Сергеевич', 20),
(58, 'Будаев', 'Алдар', 'Вячеславович', 21),
(59, 'Будаев', 'Санжи', 'Олегович', 22),
(60, 'Будаев', 'Константин', 'Алексеевич', 18),
(61, 'Будаева', 'Надежда', 'Романовна', 13),
(62, 'Бузин', 'Алексей', 'Сергеевич', 18),
(63, 'Булгытов', 'Евгений', 'Борисович', 14),
(64, 'Бурдуковский', 'Павел', 'Сергеевич', 18),
(65, 'Бурцев', 'Виктор', 'Олегович', 3),
(66, 'Бутин', 'Александр', 'мгоревич', 19),
(67, 'Бутина', 'Вера', 'Анатольевна', 6),
(68, 'Буянтуева', 'Галина', 'Васильевна', 16),
(69, 'Быкова', 'Екатерина', 'Павловна', 23),
(70, 'Варанкина', 'Кристина', 'Алексеевна', 7),
(71, 'Василенко', 'Юлия', 'Леонидовна', 19),
(72, 'Войтов', 'Антон', 'Андреевич', 3),
(73, 'Волынкин', 'Григорий', 'Сергеевич', 18),
(74, 'Воробьев', 'Александр', 'Михайлович', 12),
(75, 'Востриков', 'Юрий', 'Евгеньевич', 16),
(76, 'Ганжурова', 'Евгения', 'Андреевна', 9),
(77, 'Ганжурова', 'Виктория', 'Борисовна', 17),
(78, 'Гармаев', 'Тумэн', 'Станиславович', 4),
(79, 'Гармаев', 'Андрей', 'Сергеевич', 2),
(80, 'Гармаев', 'Тумэн', 'Станиславович', 18),
(81, 'Гармажапова', 'Сэлмэг', 'Баясхалановна', 10),
(82, 'Гатапов', 'Вячеслав', 'Александрович', 6),
(83, 'Гендунов', 'Чингис', 'Владимирович', 14),
(84, 'Гергенова', 'Саяна', 'Лукинична', 20),
(85, 'Гомбоев', 'Цырен', 'Баирович', 12),
(86, 'Грибанов', 'Алексей', 'мннокентьевич', 2),
(87, 'Григорьев', 'Тимур', 'Леонидович', 21),
(88, 'Григорьев', 'Сергей', 'Николаевич', 12),
(89, 'Гунтыпова', 'Бальжима', 'Кимовна', 20),
(90, 'Гуров', 'Сергей', 'Максимович', 18),
(91, 'Гушан', 'Владислав', 'Дмитриевич', 18),
(92, 'Гылыкова', 'Лилия', 'Эдуардовна', 17),
(93, 'Гынинов', 'Аюша', 'Чингисович', 7),
(94, 'Дамбаев', 'Энхэ', 'Ринчинович', 21),
(95, 'Дамбаев', 'Николай', 'Александрович', 16),
(96, 'Дамбаева', 'Дулсан', 'Ринчин-Доржиевна', 9),
(97, 'Дамбажапов', 'Евгений', 'Баирович', 4),
(98, 'Дамбиев', 'Зорикто', 'Этигилович', 7),
(99, 'Дампилов', 'Буянто', 'Сергеевич', 16),
(100, 'Дампилова', 'Цыремжит', 'Амагалановна', 14),
(101, 'Данзанов', 'Эрдэни', 'Дашинимаевич', 10),
(102, 'Данзанова', 'Эржена', 'Александровна', 6),
(103, 'Дармаев', 'Александр', 'Владиславович', 16),
(104, 'Дармаева', 'Юлия', 'Юрьевна', 21),
(105, 'Дашидоржиева', 'Саяна', 'Борисовна', 5),
(106, 'Дашиева', 'Саяна', 'Баировна', 24),
(107, 'Дашиева', 'Саяна', 'Баировна', 10),
(108, 'Дашимолонова', 'Александра', 'Сергеевна', 8),
(109, 'Дашинимаева', 'Балма', 'Гомбожаповна', 15),
(110, 'Дашицыренов', 'Бэликто', 'Александрович', 8),
(111, 'Дашицыренова', 'Баирма', 'Гомбоевна', 7),
(112, 'Дерюгин', 'Даниил', 'Федорович', 2),
(113, 'Дивотченко', 'Григорий', 'Георгиевич', 9),
(114, 'Долгова', 'Мария', 'Сергеевна', 8),
(115, 'Долсонов', 'Аюша', 'Ринчинович', 7),
(116, 'Домышева', 'Анастасия', 'Михайловна', 19),
(117, 'Донгак', 'Саяна', 'Валерьевна', 4),
(118, 'Дондоков', 'Бэликто', 'Тумэнович', 6),
(119, 'Доржиев', 'Александр', 'Алексеевич', 13),
(120, 'Доржиев', 'млья', 'Александрович', 19),
(121, 'Доржиева', 'Кристина', 'Геннадьевна', 14),
(122, 'Доржиева', 'Димид', 'Аюшиевна', 19),
(123, 'Доржиева', 'Сэндэма', 'Бимбаевна', 24),
(124, 'Доржиева', 'Дыжидма', 'Жаргаловна', 11),
(125, 'Доржизапов', 'Чингис', 'Дондокович', 25),
(126, 'Дриевский', 'Максим', 'Александрович', 1),
(127, 'Дулмаев', 'Андрей', 'Александрович', 2),
(128, 'Думнов', 'Владислав', 'Александрович', 18),
(129, 'Дылыков', 'Даба', 'Александрович', 19),
(130, 'Дымбрылова', 'Бутит', 'Жаргаловна', 11),
(131, 'Ендан', 'Орлана', 'Монге-Баировна', 11),
(132, 'Епифанцева', 'Ольга', 'Николаевна', 10),
(133, 'Ергонов', 'мгорь', 'Геннадьевич', 18),
(134, 'Еременко', 'Дмитрий', 'Вячеславович', 9),
(135, 'Ефимов', 'Ефим', 'Сергеевич', 11),
(136, 'Ешиев', 'Цыдып', 'Баирович', 19),
(137, 'Ешиев', 'Галсан', 'Мункуевич', 1),
(138, 'Ешиев', 'Цыдып', 'Баирович', 11),
(139, 'Жамсаева', 'Эржена', 'Александровна', 16),
(140, 'Жамсаранова', 'Валентина', 'Солбоновна', 9),
(141, 'Жамьянов', 'Владимир', 'Александрович', 4),
(142, 'Жамьянова', 'Лилия', 'Викторовна', 2),
(143, 'Жапова', 'Дарима', 'Элбэктуевна', 15),
(144, 'Жаргалсайхан', 'Заяа', '', 24),
(145, 'Жданова', 'Екатерина', 'Михайловна', 5),
(146, 'Жигжитов', 'Жаргал', 'Баирович', 17),
(147, 'Жимбеев', 'Сэнгэ', 'Геннадьевич', 14),
(148, 'Заиграев', 'мван', 'Павлович', 1),
(149, 'Залуцкий', 'Дмитрий', 'Андреевич', 2),
(150, 'Зинина', 'Ольга', 'Андреевна', 2),
(151, 'Зобнина', 'Галина', 'Васильевна', 3),
(152, 'Золотухина', 'Александра', 'Васильевна', 11),
(153, 'Зундуев', 'Эрдэни', 'Цырендоржиевич', 8),
(154, 'мванова', 'Мария', 'Александровна', 8),
(155, 'мгнашкеев', 'Гэсэр', 'Геннадьевич', 20),
(156, 'мльин', 'Владимир', 'Николаевич', 8),
(157, 'млькова', 'мрина', 'Петровна', 5),
(158, 'ммехенов', 'Юрий', 'Борисович', 3),
(159, 'мргит', 'Юлиана', 'Рапутовна', 10),
(160, 'мскакова', 'Руслана', 'мгоревна', 20),
(161, 'мсрафилов', 'Джавид', 'Шамиль Оглы', 7),
(162, 'Кажарская', 'Полина', 'Владимировна', 3),
(163, 'Казьмин', 'мван', 'Дмитриевич', 13),
(164, 'Калашникова', 'Наталья', 'Олеговна', 18),
(165, 'Калёных', 'Глеб', 'Михайлович', 9),
(166, 'Каплин', 'Алексей', 'мгоревич', 12),
(167, 'Ким', 'Балта', 'Баяртуевич', 9),
(168, 'Ким', 'Алина', 'Геннадьевна', 10),
(169, 'Китаев', 'Максим', 'Владимирович', 1),
(170, 'Клиновский', 'Михаил', 'Александрович', 1),
(171, 'Кобылкин', 'млья', 'Андреевич', 8),
(172, 'Козырев', 'Сергей', 'мгоревич', 4),
(173, 'Кондратьев', 'Леонид', 'Сергеевич', 13),
(174, 'Коногоров', 'Александр', 'Олегович', 19),
(175, 'Кононова', 'Ольга', 'Валерьевна', 3),
(176, 'Красовская', 'Светлана', 'Олеговна', 12),
(177, 'Криволапов', 'Николай', 'мльич', 1),
(178, 'Кривоносов', 'мннокентий', 'Александрович', 21),
(179, 'Кужугет', 'Алдын-Сай', 'Артемовна', 10),
(180, 'Кузнецова', 'Тамара', 'мгоревна', 21),
(181, 'Кузнецова', 'Татьяна', 'Николаевна', 18),
(182, 'Кулик', 'Андрей', 'Александрович', 24),
(183, 'Куренков', 'Денис', 'Сергеевич', 22),
(184, 'Ламажапов', 'Аюша', 'Жамсаранжапович', 9),
(185, 'Лебедев', 'Дмитрий', 'Вадимович', 1),
(186, 'Леснеев', 'Александр', 'Юрьевич', 11),
(187, 'Лиджеев', 'Александр', 'Викторович', 16),
(188, 'Лобанов/Баранов', 'Алексей', 'Валерьевич', 9),
(189, 'Лупашко', 'Наталия', 'Андреевна', 3),
(190, 'Любишин', 'Алексей', 'Юрьевич', 3),
(191, 'Макарова', 'Наталья', 'Сергеевна', 5),
(192, 'Маковецкий', 'Роман', 'Владиславович', 4),
(193, 'Максимова', 'Елена', 'Юрьевна', 4),
(194, 'Малисова', 'Валентина', 'Андреевна', 15),
(195, 'Мальцев', 'Станислав', 'Петрович', 13),
(196, 'Мальцева', 'мрина', 'Михайловна', 19),
(197, 'Мантатов', 'Алексей', 'Сергеевич', 11),
(198, 'Мартый-оол', 'Айдын-кыс', 'Аясовна', 10),
(199, 'Мартынов', 'Никита', 'Николаевич', 4),
(200, 'Мархаев', 'Цырен-Доржо', 'Юрьевич', 7),
(201, 'Мархаев', 'Санжа', 'Анатольевич', 12),
(202, 'Меркушев', 'Антон', 'Витальевич', 24),
(203, 'Мешков', 'Евгений', 'Анатольевич', 23),
(204, 'Мижитова', 'Виктория', 'Вадимовна', 14),
(205, 'Миронов', 'Василий', 'Михайлович', 19),
(206, 'Мисюркеева', 'Татьяна', 'Александровна', 5),
(207, 'Миткус', 'Ксения', 'Вячеславовна', 6),
(208, 'Мокрова', 'Анастасия', 'Николаевна', 21),
(209, 'Монголонова', 'Александра', 'Николаевна', 14),
(210, 'Монгуш', 'Чечена', 'Олеговна', 9),
(211, 'Монгуш', 'Азиана', 'Алексеевна', 24),
(212, 'Монич', 'Лариса', 'Вячеславовна', 23),
(213, 'Монтоев', 'Денис', 'Вениаминович', 11),
(214, 'Мункоева', 'Алтана', 'Владимировна', 8),
(215, 'Муруев', 'Константин', 'Вячеславович', 19),
(216, 'Намдыков', 'Жаргал', 'Николаевич', 4),
(217, 'Намжилов', 'Золто', 'Владимирович', 9),
(218, 'Никитин', 'Никита', 'Викторович', 18),
(219, 'Николаев', 'Амарсайхан', 'Дондогсамбуевич', 18),
(220, 'Николаевский', 'Никита', 'Олегович', 6),
(221, 'Никонов', 'Александр', 'Петрович', 2),
(222, 'Никонов', 'Руслан', 'Валерьевич', 19),
(223, 'Никонов', 'Руслан', 'Валерьевич', 11),
(224, 'Нимаев', 'Сергей', 'Андреевич', 9),
(225, 'Нимаева', 'Светлана', 'Солбоновна', 7),
(226, 'Новиков', 'Сергей', 'мванович', 20),
(227, 'Норбоева', 'Эржена', 'Геннадьевна', 12),
(228, 'Носкова', 'Валентина', 'Анатольевна', 20),
(229, 'Оборова', 'Татьяна', 'мгоревна', 15),
(230, 'Овечкин', 'Никита', 'Дмитриевич', 13),
(231, 'Огуло', 'Максим', 'Александрович', 10),
(232, 'Ондар', 'Оттук', 'Билзей-оолович', 12),
(233, 'Осоев', 'Алексей', 'Викторович', 17),
(234, 'Охинова', 'Сарюна', 'Андреевна', 12),
(235, 'Очиржапов', 'Ширап', 'Алдарович', 18),
(236, 'Очирова', 'Светлана', 'Александровна', 12),
(237, 'Ошорова', 'Александра', 'Самбаевна', 14),
(238, 'Павленко', 'Дмитрий', 'Александрович', 18),
(239, 'Пантелеев', 'Никита', 'Юрьевич', 14),
(240, 'Панькова', 'Анна', 'Николаевна', 4),
(241, 'Перелыгина', 'Виктория', 'Алексеевна', 19),
(242, 'Петрова', 'Юлия', 'Баировна', 18),
(243, 'Писарев', 'Александр', 'Николаевич', 11),
(244, 'Плеханова', 'Татьяна', 'Петровна', 5),
(245, 'Полхонова', 'Эржена', 'Лопсоновна', 10),
(246, 'Попова', 'Ксения', 'Вячеславовна', 17),
(247, 'Протасова', 'Айгуль', 'Васильевна', 20),
(248, 'Пысларь', 'Жанна', 'Робертовна', 1),
(249, 'Раднаев', 'Игорь', 'Жимбеевич', 2),
(250, 'Раднаев', 'Эрдэм', 'Дмитриевич', 8),
(251, 'Раднаев', 'Базар', 'Баирович', 4),
(252, 'Раднаев', 'Николай', 'Зориктуевич', 18),
(253, 'Раднаева', 'Эльвира', 'Баясхаловна', 2),
(254, 'Раднаева', 'Соелма', 'Баторовна', 13),
(255, 'Разуваева', 'Елена', 'Николаевна', 2),
(256, 'Разумова', 'Оксана', 'Борисовна', 12),
(257, 'Ринчино', 'Чимит', 'Мэргэнович', 11),
(258, 'Ринчинов', 'Мигмар', 'Баирович', 2),
(259, 'Ринчинова', 'Эржена', 'Цыремпиловна', 9),
(260, 'Родионов', 'Павел', 'Сергеевич', 18),
(261, 'Романов', 'Юрий', 'Сергеевич', 3),
(262, 'Романова', 'мрина', 'Андреевна', 18),
(263, 'Рубба', 'Павел', 'Анатольевич', 3),
(264, 'Рубба', 'Максим', 'Анатольевич', 14),
(265, 'Ружанский', 'Александр', 'Дмитриевич', 4),
(266, 'Рыболов', 'Александр', 'Николаевич', 4),
(267, 'Рыгзынов', 'Алексей', 'Феликсович', 2),
(268, 'Савельев', 'Антон', 'Николаевич', 14),
(269, 'Саидов', 'Андрей', 'Рашитович', 16),
(270, 'Салуянова', 'Анжелика', 'Андреевна', 6),
(271, 'Самбуев', 'Александр', 'Цырен-Доржиевич', 1),
(272, 'Самбуев', 'Александр', 'Цырен-Доржиевич', 18),
(273, 'Самойлов', 'Максим', 'Николаевич', 10),
(274, 'Сафонова', 'Галина', 'Викторовна', 10),
(275, 'Саяпин', 'Никита', 'Александрович', 17),
(276, 'Седии', 'Саида', 'Сергеевна', 12),
(277, 'Селезнёв', 'Сергей', 'Евгеньевич', 12),
(278, 'Семёнова', 'Виктория', 'Эдуардовна', 12),
(279, 'Сидорова', 'Елена', 'Николаевна', 12),
(280, 'Симбирцева', 'Анастасия', 'Александровна', 21),
(281, 'Симонова', 'Юлия', 'Андреевна', 2),
(282, 'Скворцов', 'Руслан', 'Евгеньевич', 9),
(283, 'Смолин', 'Артем', 'Александрович', 2),
(284, 'Смольников', 'Владимир', 'Владимирович', 11),
(285, 'Содномов', 'Роман', 'мринчеевич', 13),
(286, 'Содномов', 'Александр', 'Владимирович', 24),
(287, 'Содномова', 'Уржин-Ханда', 'Батомункуевна', 20),
(288, 'Соколов', 'Александр', 'Сергеевич', 11),
(289, 'Соловьев', 'Андрей', 'Викторович', 6),
(290, 'Сороковиков', 'Павел', 'Сергеевич', 6),
(291, 'Соседов', 'Сергей', 'Сергеевич', 13),
(292, 'Сотников', 'Константин', 'Витальевич', 9),
(293, 'Степанов', 'Олег', 'Владимирович', 13),
(294, 'Стрельцов', 'Павел', 'Константинович', 5),
(295, 'Стрижанов', 'Дмитрий', 'Валерьевич', 18),
(296, 'Сучкова', 'Любовь', 'Мухамедовна', 11),
(297, 'Танхасаев', 'Аюр', 'Маратович', 17),
(298, 'Темникова', 'Юлия', 'Сергеевна', 3),
(299, 'Тен', 'Александр', 'Сергеевич', 19),
(300, 'Тен', 'Александр', 'Сергеевич', 11),
(301, 'Терентьев', 'Владимир', 'Борисович', 7),
(302, 'Тирская', 'Екатерина', 'Вячеславовна', 26),
(303, 'Ткачев', 'Евгений', 'Александрович', 23),
(304, 'Ткачева', 'Анна', 'Анатольевна', 22),
(305, 'Токтохоева', 'Баирма', 'Цыденжаповна', 5),
(306, 'Толстихина', 'Александра', 'Сергеевна', 1),
(307, 'Трухно', 'мрина', 'Андреевна', 1),
(308, 'Туголуков', 'Александр', 'Викторович', 6),
(309, 'Тумурова', 'Аягма', 'Даширабдановна', 20),
(310, 'Тыхеева', 'Туяна', 'Баировна', 7),
(311, 'Урмаев', 'Александр', 'Андреевич', 2),
(312, 'Фадеев', 'Александр', 'Вячеславович', 24),
(313, 'Федоров', 'Евгений', 'Сергеевич', 1),
(314, 'Федотова', 'Наталья', 'Сергеевна', 19),
(315, 'Филиппов', 'Денис', 'Васильевич', 12),
(316, 'Филиппов', 'мннокентий', 'мгоревич', 23),
(317, 'Фомина', 'Александра', 'Дмитриевна', 4),
(318, 'Хабудаева', 'Нина', 'Михайловна', 19),
(319, 'Халбаев', 'Тамир', 'мосифович', 5),
(320, 'Ханхатов', 'Марат', 'Александрович', 11),
(321, 'Хаптахаева', 'Анжелика', 'Александровна', 17),
(322, 'Харахинов', 'Баир', 'Владиславович', 17),
(323, 'Харитонова', 'Наталья', 'Георгиевна', 20),
(324, 'Хартиков', 'Николай', 'Андреевич', 18),
(325, 'Хорлоев', 'Дугар', 'Владимирович', 7),
(326, 'Хуташкеев', 'Намжил', 'Анатольевич', 12),
(327, 'Цыбиков', 'Данил', 'Владимирович', 23),
(328, 'Цыбикова', 'Саяна', 'Сергеевна', 9),
(329, 'Цыденжапов', 'Цырен', 'Дашидондокович', 7),
(330, 'Цыденов', 'Баир', 'Чингисович', 1),
(331, 'Цыдыпова', 'Галина', 'Петровна', 7),
(332, 'Цыремпилов', 'Константин', 'Эдуардович', 23),
(333, 'Цыремпилова', 'Номина', 'Гармазадиевна', 20),
(334, 'Цырендашиева', 'Наран', 'Арсалановна', 23),
(335, 'Цырендоржиева', 'Туяна', 'Баировна', 15),
(336, 'Цыренжапов', 'Аюр', 'Доржиевич', 9),
(337, 'Цыренжапов', 'Баир', 'Васильевич', 3),
(338, 'Цыренов', 'Зорикто', 'Батонимаевич', 27),
(339, 'Цыренов', 'Батор', 'Аюшиевич', 11),
(340, 'Цыренова', 'Валентина', 'Викторовна', 8),
(341, 'Чанчиков', 'Павел', 'Александрович', 16),
(342, 'Черепанов', 'Константин', 'Сергеевич', 3),
(343, 'Черненко', 'Виталий', 'Михайлович', 3),
(344, 'Чесноков', 'Андрей', 'Михайлович', 9),
(345, 'Чимитцыренов', 'Жамьян', 'Гончикович', 17),
(346, 'Чойнжуров', 'Сергей', 'Владимирович', 11),
(347, 'Чукреева', 'Анжелика', 'Владимировна', 11),
(348, 'Чутченко', 'Александр', 'Александрович', 11),
(349, 'Шабельская', 'Вероника', 'Максимовна', 6),
(350, 'Шагдурова', 'мрина', 'Андреевна', 5),
(351, 'Шагжеев', 'Алексей', 'Саянович', 10),
(352, 'Шагжина', 'Аюна', 'Гурдармаевна', 20),
(353, 'Шадапов', 'Андрей', 'Цыремпилович', 13),
(354, 'Шактамаева', 'Дугарма', 'Геннадьевна', 11),
(355, 'Шалтыков', 'Родион', 'Андреевич', 6),
(356, 'Шеметова', 'Юлия', 'Николаевна', 13),
(357, 'Шерстобитова', 'Анастасия', 'Александровна', 2),
(358, 'Шитина', 'Виктория', 'Андреевна', 20),
(359, 'Шиханова', 'Дарья', 'Дмитриевна', 12),
(360, 'Шобогоров', 'Пётр', 'Александрович', 14),
(361, 'Шодонова', 'Елена', 'Валерьевна', 21),
(362, 'Шорников', 'Александр', 'Евгеньевич', 23),
(363, 'Шульгина', 'Ксения', 'Евгеньевна', 6),
(364, 'Шунков', 'Виктор', 'Дмитриевич', 19),
(365, 'Юможапова', 'Арюна', 'Булатовна', 13),
(366, 'Якимова', 'Екатерина', 'Сергеевна', 9);

-- --------------------------------------------------------

--
-- Table structure for table `observer_students_week_connection`
--

CREATE TABLE IF NOT EXISTS `observer_students_week_connection` (
  `week_id` int(11) NOT NULL,
  `student_id` int(11) NOT NULL,
  `student_less` int(3) NOT NULL,
  `student_reason` int(3) NOT NULL
) ENGINE=MyISAM DEFAULT CHARSET=cp1251;

--
-- Dumping data for table `observer_students_week_connection`
--

INSERT INTO `observer_students_week_connection` (`week_id`, `student_id`, `student_less`, `student_reason`) VALUES
(1, 9, 0, 0),
(1, 10, 1, 0),
(1, 23, 0, 1),
(1, 29, 0, 0),
(1, 51, 0, 0),
(1, 108, 0, 0),
(1, 110, 0, 0),
(1, 114, 0, 0),
(1, 153, 0, 0),
(1, 154, 0, 0),
(1, 156, 0, 0),
(1, 171, 0, 0),
(1, 214, 0, 0),
(1, 250, 0, 0),
(1, 340, 0, 0),
(2, 9, 0, 0),
(2, 10, 0, 0),
(2, 23, 0, 0),
(2, 29, 0, 0),
(2, 51, 3, 4),
(2, 108, 0, 0),
(2, 110, 0, 0),
(2, 114, 0, 0),
(2, 153, 0, 0),
(2, 154, 0, 0),
(2, 156, 0, 0),
(2, 171, 0, 0),
(2, 214, 0, 0),
(2, 250, 0, 0),
(2, 340, 0, 0),
(3, 9, 1, 1),
(3, 10, 2, 3),
(3, 23, 0, 0),
(3, 29, 0, 0),
(3, 51, 0, 0),
(3, 108, 0, 0),
(3, 110, 4, 5),
(3, 114, 0, 0),
(3, 153, 0, 0),
(3, 154, 0, 0),
(3, 156, 0, 0),
(3, 171, 0, 0),
(3, 214, 0, 0),
(3, 250, 0, 0),
(3, 340, 0, 0),
(4, 12, 2, 0),
(4, 37, 3, 0),
(4, 43, 0, 0),
(4, 76, 0, 0),
(4, 96, 4, 0),
(4, 113, 0, 0),
(4, 134, 0, 5),
(4, 140, 0, 0),
(4, 165, 0, 0),
(4, 167, 0, 0),
(4, 184, 0, 0),
(4, 188, 0, 0),
(4, 210, 0, 0),
(4, 217, 0, 0),
(4, 224, 0, 0),
(4, 259, 0, 0),
(4, 282, 0, 0),
(4, 292, 0, 0),
(4, 328, 0, 0),
(4, 336, 1, 0),
(4, 344, 0, 0),
(4, 366, 0, 0),
(5, 59, 1, 1),
(5, 183, 2, 0),
(5, 304, 0, 0),
(6, 59, 1, 3),
(6, 183, 2, 3),
(6, 304, 0, 0),
(7, 338, 2, 3),
(8, 338, 1, 45),
(9, 12, 1, 0),
(9, 37, 2, 0),
(9, 43, 0, 0),
(9, 76, 3, 0),
(9, 96, 0, 0),
(9, 113, 4, 0),
(9, 134, 0, 0),
(9, 140, 0, 0),
(9, 165, 5, 0),
(9, 167, 0, 0),
(9, 184, 0, 0),
(9, 188, 0, 0),
(9, 210, 0, 0),
(9, 217, 0, 0),
(9, 224, 0, 0),
(9, 259, 0, 0),
(9, 282, 0, 0),
(9, 292, 0, 0),
(9, 328, 2, 0),
(9, 336, 0, 0),
(9, 344, 5, 0),
(9, 366, 0, 0),
(10, 59, 2, 0),
(10, 183, 4, 5),
(10, 304, 5, 5),
(11, 6, 1, 0),
(11, 25, 1, 0),
(11, 105, 0, 0),
(11, 145, 1, 0),
(11, 157, 0, 3),
(11, 191, 0, 0),
(11, 206, 0, 0),
(11, 244, 0, 0),
(11, 294, 6, 0),
(11, 305, 4, 0),
(11, 319, 6, 0),
(11, 350, 0, 0),
(12, 6, 0, 0),
(12, 25, 2, 0),
(12, 105, 0, 0),
(12, 145, 3, 0),
(12, 157, 0, 0),
(12, 191, 0, 0),
(12, 206, 0, 0),
(12, 244, 0, 0),
(12, 294, 5, 0),
(12, 305, 0, 0),
(12, 319, 7, 0),
(12, 350, 0, 0);

-- --------------------------------------------------------

--
-- Table structure for table `observer_weeks`
--

CREATE TABLE IF NOT EXISTS `observer_weeks` (
  `week_id` int(11) NOT NULL AUTO_INCREMENT,
  `week_begin` date NOT NULL,
  `week_end` date NOT NULL,
  `week_lessons_quantity` int(3) NOT NULL,
  `week_group_id` int(5) NOT NULL,
  PRIMARY KEY (`week_id`)
) ENGINE=MyISAM  DEFAULT CHARSET=cp1251 AUTO_INCREMENT=13 ;

--
-- Dumping data for table `observer_weeks`
--

INSERT INTO `observer_weeks` (`week_id`, `week_begin`, `week_end`, `week_lessons_quantity`, `week_group_id`) VALUES
(1, '2013-08-19', '2013-08-25', 10, 8),
(2, '2013-08-26', '2013-09-01', 15, 8),
(3, '2013-09-02', '2013-09-08', 20, 8),
(4, '2013-08-19', '2013-08-25', 150, 9),
(5, '2013-08-19', '2013-08-25', 20, 22),
(6, '2013-09-02', '2013-09-08', 15, 22),
(7, '2013-08-19', '2013-08-25', 11, 27),
(8, '2013-09-09', '2013-09-15', 111, 27),
(9, '2013-08-26', '2013-09-01', 146, 9),
(10, '2013-08-26', '2013-09-01', 11, 22),
(11, '2013-08-19', '2013-08-25', 1, 5),
(12, '2013-08-26', '2013-09-01', 11, 5);

-- --------------------------------------------------------

--
-- Table structure for table `observer_whole`
--

CREATE TABLE IF NOT EXISTS `observer_whole` (
  `name` varchar(255) NOT NULL,
  `sec_name` varchar(255) NOT NULL,
  `patronymic` varchar(255) NOT NULL,
  `group_name` varchar(255) NOT NULL,
  `group_spec` varchar(255) NOT NULL
) ENGINE=MyISAM DEFAULT CHARSET=cp1251;

--
-- Dumping data for table `observer_whole`
--

INSERT INTO `observer_whole` (`name`, `sec_name`, `patronymic`, `group_name`, `group_spec`) VALUES
('Абарыкова', 'Юлия', 'Юрьевна', '05421', 'Математическое обеспечение и администрирование информационных систем'),
('Абашеева', 'Светлана', 'Евгеньевна', '05490', 'Математическое обеспечение и администрирование информационных систем'),
('Абашеева', 'Анастасия', 'Александровна', '05400', 'Математическое обеспечение и администрирование информационных систем'),
('Абокшинова', 'Арюна', 'Михайловна', '05422', 'Математическое обеспечение и администрирование информационных систем'),
('Аверин', 'Сергей', 'Сергеевич', '05421', 'Математическое обеспечение и администрирование информационных систем'),
('Аксенов', 'Евгений', 'Алексеевич', '05102б', 'Математика'),
('Александрова', 'Екатерина', 'мгоревна', '05411', 'Математическое обеспечение и администрирование информационных систем'),
('Алексеев', 'Михаил', 'Геннадьевич', '05310', 'Прикладная информатика'),
('Альмашов', 'Виктор', 'Васильевич', '05110', 'Математика'),
('Амараева', 'Валентина', 'мгоревна', '05110', 'Математика'),
('Амаханова', 'Арюна', 'Батуевна', '05411', 'Математическое обеспечение и администрирование информационных систем'),
('Ангархаева', 'Эржэна', 'Витальевна', '05290', 'Прикладная математика и информатика'),
('Анданова', 'Эржена', 'Баиржаповна', '05421', 'Математическое обеспечение и администрирование информационных систем'),
('Андреев', 'Олег', 'Владиславович', '05130', 'Математика'),
('Андронов', 'Роман', 'Олегович', '05330', 'Прикладная информатика'),
('Арсентьев', 'Сергей', 'Александрович', '05530', 'Математика и компьютерные науки'),
('Асланян', 'Парандзем', 'Арбаковна', '05211', 'Прикладная математика и информатика'),
('Астраханцева', 'Александра', 'Анатольевна', '05530', 'Математика и компьютерные науки'),
('Атутов', 'Артем', 'Альбертович', '05530', 'Математика и компьютерные науки'),
('Афанасьева', 'Саран', 'Дабаевна', '05221', 'Прикладная математика и информатика'),
('Аюшеева', 'Виктория', 'Баировна', '05130', 'Математика'),
('Бабужапов', 'Буянто', 'Нимаевич', '05211', 'Прикладная математика и информатика'),
('Баглаева', 'Екатерина', 'Алексеевна', '05110', 'Математика'),
('Бадлуева', 'Саяна', 'Баторовна', '05530', 'Математика и компьютерные науки'),
('Бадмаев', 'Владислав', 'Вадимович', '05102б', 'Математика'),
('Бадмаев', 'Биликто', 'Арсаланович', '05421', 'Математическое обеспечение и администрирование информационных систем'),
('Бадмаев', 'Бато', 'Баясхаланович', '05330', 'Прикладная информатика'),
('Бадмаева', 'Балжин', 'Баировна', '05280', 'Прикладная математика и информатика'),
('Бадмацыренова', 'Дарима', 'Дашанимаевна', '05110', 'Математика'),
('Бадмацыренова', 'Сэсэгма', 'Баторовна', '05422', 'Математическое обеспечение и администрирование информационных систем'),
('Баентуров', 'Михаил', 'Семенович', '05490', 'Математическое обеспечение и администрирование информационных систем'),
('Базаров', 'Бато', 'Баторович', '05321', 'Прикладная информатика'),
('Базаров', 'Шагдар', 'Галсанович', '05530', 'Математика и компьютерные науки'),
('Базаров', 'Алдар', 'Цырендоржиевич', '05530', 'Математика и компьютерные науки'),
('Базарова', 'Чимита', 'Балдановна', '05280', 'Прикладная математика и информатика'),
('Балаганская', 'Анна', 'Петровна', '05411', 'Математическое обеспечение и администрирование информационных систем'),
('Балакшиев', 'Эльдар', 'Гюльмамедович', '05290', 'Прикладная математика и информатика'),
('Балбаров', 'Гарма', 'Доржиевич', '05411', 'Математическое обеспечение и администрирование информационных систем'),
('Балдаев', 'Алексей', 'Александрович', '05231', 'Прикладная математика и информатика'),
('Балдакшинова', 'Екатерина', 'Петровна', '05411', 'Математическое обеспечение и администрирование информационных систем'),
('Балданов', 'Роберт', 'Валерьевич', '05400', 'Математическое обеспечение и администрирование информационных систем'),
('Балданова', 'Наталья', 'Владимировна', '05411', 'Математическое обеспечение и администрирование информационных систем'),
('Балжитов', 'Аюр', 'Баирович', '05290', 'Прикладная математика и информатика'),
('Балсанова', 'Наталья', 'Александровна', '05530', 'Математика и компьютерные науки'),
('Банзаров', 'Даба', 'Чимитович', '05321', 'Прикладная информатика'),
('Бараан', 'Эртине', 'Никитич', '05221', 'Прикладная математика и информатика'),
('Барадиев', 'Ринчин', 'Вадимович', '05330', 'Прикладная информатика'),
('Бархатов', 'Михаил', 'Петрович', '05430', 'Математическое обеспечение и администрирование информационных систем'),
('Бастуев', 'Арсалан', 'Владимирович', '05411', 'Математическое обеспечение и администрирование информационных систем'),
('Батоева', 'Цымжидма', 'Аюровна', '05322', 'Прикладная информатика'),
('Батуев', 'Чимит', 'Тумэнович', '05110', 'Математика'),
('Батуев', 'Андрей', 'Сампилович', '05221', 'Прикладная математика и информатика'),
('Баяндылгырова', 'Вероника', 'Баировна', '05430', 'Математическое обеспечение и администрирование информационных систем'),
('Беликова', 'Галина', 'Николаевна', '05421', 'Математическое обеспечение и администрирование информационных систем'),
('Бессонов', 'мван', 'Сергеевич', '05430', 'Математическое обеспечение и администрирование информационных систем'),
('Борисов', 'мван', 'Александрович', '05221', 'Прикладная математика и информатика'),
('Бубеев', 'Булат', 'Сергеевич', '05520', 'Математика и компьютерные науки'),
('Будаев', 'Алдар', 'Вячеславович', '05201', 'Прикладная математика и информатика'),
('Будаев', 'Санжи', 'Олегович', '05202б', 'Прикладная математика и информатика'),
('Будаев', 'Константин', 'Алексеевич', '05430', 'Математическое обеспечение и администрирование информационных систем'),
('Будаева', 'Надежда', 'Романовна', '05211', 'Прикладная математика и информатика'),
('Бузин', 'Алексей', 'Сергеевич', '05430', 'Математическое обеспечение и администрирование информационных систем'),
('Булгытов', 'Евгений', 'Борисович', '05221', 'Прикладная математика и информатика'),
('Бурдуковский', 'Павел', 'Сергеевич', '05430', 'Математическое обеспечение и администрирование информационных систем'),
('Бурцев', 'Виктор', 'Олегович', '05400', 'Математическое обеспечение и администрирование информационных систем'),
('Бутин', 'Александр', 'мгоревич', '05322', 'Прикладная информатика'),
('Бутина', 'Вера', 'Анатольевна', '05411', 'Математическое обеспечение и администрирование информационных систем'),
('Буянтуева', 'Галина', 'Васильевна', '05321', 'Прикладная информатика'),
('Быкова', 'Екатерина', 'Павловна', '05232', 'Прикладная математика и информатика'),
('Варанкина', 'Кристина', 'Алексеевна', '05310', 'Прикладная информатика'),
('Василенко', 'Юлия', 'Леонидовна', '05322', 'Прикладная информатика'),
('Войтов', 'Антон', 'Андреевич', '05400', 'Математическое обеспечение и администрирование информационных систем'),
('Волынкин', 'Григорий', 'Сергеевич', '05430', 'Математическое обеспечение и администрирование информационных систем'),
('Воробьев', 'Александр', 'Михайлович', '05530', 'Математика и компьютерные науки'),
('Востриков', 'Юрий', 'Евгеньевич', '05321', 'Прикладная информатика'),
('Ганжурова', 'Евгения', 'Андреевна', '05290', 'Прикладная математика и информатика'),
('Ганжурова', 'Виктория', 'Борисовна', '05231', 'Прикладная математика и информатика'),
('Гармаев', 'Тумэн', 'Станиславович', '05422', 'Математическое обеспечение и администрирование информационных систем'),
('Гармаев', 'Андрей', 'Сергеевич', '05490', 'Математическое обеспечение и администрирование информационных систем'),
('Гармаев', 'Тумэн', 'Станиславович', '05430', 'Математическое обеспечение и администрирование информационных систем'),
('Гармажапова', 'Сэлмэг', 'Баясхалановна', '05130', 'Математика'),
('Гатапов', 'Вячеслав', 'Александрович', '05411', 'Математическое обеспечение и администрирование информационных систем'),
('Гендунов', 'Чингис', 'Владимирович', '05221', 'Прикладная математика и информатика'),
('Гергенова', 'Саяна', 'Лукинична', '05520', 'Математика и компьютерные науки'),
('Гомбоев', 'Цырен', 'Баирович', '05530', 'Математика и компьютерные науки'),
('Грибанов', 'Алексей', 'мннокентьевич', '05490', 'Математическое обеспечение и администрирование информационных систем'),
('Григорьев', 'Тимур', 'Леонидович', '05201', 'Прикладная математика и информатика'),
('Григорьев', 'Сергей', 'Николаевич', '05530', 'Математика и компьютерные науки'),
('Гунтыпова', 'Бальжима', 'Кимовна', '05520', 'Математика и компьютерные науки'),
('Гуров', 'Сергей', 'Максимович', '05430', 'Математическое обеспечение и администрирование информационных систем'),
('Гушан', 'Владислав', 'Дмитриевич', '05430', 'Математическое обеспечение и администрирование информационных систем'),
('Гылыкова', 'Лилия', 'Эдуардовна', '05231', 'Прикладная математика и информатика'),
('Гынинов', 'Аюша', 'Чингисович', '05310', 'Прикладная информатика'),
('Дамбаев', 'Энхэ', 'Ринчинович', '05201', 'Прикладная математика и информатика'),
('Дамбаев', 'Николай', 'Александрович', '05321', 'Прикладная информатика'),
('Дамбаева', 'Дулсан', 'Ринчин-Доржиевна', '05290', 'Прикладная математика и информатика'),
('Дамбажапов', 'Евгений', 'Баирович', '05422', 'Математическое обеспечение и администрирование информационных систем'),
('Дамбиев', 'Зорикто', 'Этигилович', '05310', 'Прикладная информатика'),
('Дампилов', 'Буянто', 'Сергеевич', '05321', 'Прикладная информатика'),
('Дампилова', 'Цыремжит', 'Амагалановна', '05221', 'Прикладная математика и информатика'),
('Данзанов', 'Эрдэни', 'Дашинимаевич', '05130', 'Математика'),
('Данзанова', 'Эржена', 'Александровна', '05411', 'Математическое обеспечение и администрирование информационных систем'),
('Дармаев', 'Александр', 'Владиславович', '05321', 'Прикладная информатика'),
('Дармаева', 'Юлия', 'Юрьевна', '05201', 'Прикладная математика и информатика'),
('Дашидоржиева', 'Саяна', 'Борисовна', '05102б', 'Математика'),
('Дашиева', 'Саяна', 'Баировна', '05120', 'Математика'),
('Дашиева', 'Саяна', 'Баировна', '05130', 'Математика'),
('Дашимолонова', 'Александра', 'Сергеевна', '05110', 'Математика'),
('Дашинимаева', 'Балма', 'Гомбожаповна', '05280', 'Прикладная математика и информатика'),
('Дашицыренов', 'Бэликто', 'Александрович', '05110', 'Математика'),
('Дашицыренова', 'Баирма', 'Гомбоевна', '05310', 'Прикладная информатика'),
('Дерюгин', 'Даниил', 'Федорович', '05490', 'Математическое обеспечение и администрирование информационных систем'),
('Дивотченко', 'Григорий', 'Георгиевич', '05290', 'Прикладная математика и информатика'),
('Долгова', 'Мария', 'Сергеевна', '05110', 'Математика'),
('Долсонов', 'Аюша', 'Ринчинович', '05310', 'Прикладная информатика'),
('Домышева', 'Анастасия', 'Михайловна', '05322', 'Прикладная информатика'),
('Донгак', 'Саяна', 'Валерьевна', '05422', 'Математическое обеспечение и администрирование информационных систем'),
('Дондоков', 'Бэликто', 'Тумэнович', '05411', 'Математическое обеспечение и администрирование информационных систем'),
('Доржиев', 'Александр', 'Алексеевич', '05211', 'Прикладная математика и информатика'),
('Доржиев', 'млья', 'Александрович', '05322', 'Прикладная информатика'),
('Доржиева', 'Кристина', 'Геннадьевна', '05221', 'Прикладная математика и информатика'),
('Доржиева', 'Димид', 'Аюшиевна', '05322', 'Прикладная информатика'),
('Доржиева', 'Сэндэма', 'Бимбаевна', '05120', 'Математика'),
('Доржиева', 'Дыжидма', 'Жаргаловна', '05330', 'Прикладная информатика'),
('Доржизапов', 'Чингис', 'Дондокович', '05320', 'Прикладная информатика'),
('Дриевский', 'Максим', 'Александрович', '05421', 'Математическое обеспечение и администрирование информационных систем'),
('Дулмаев', 'Андрей', 'Александрович', '05490', 'Математическое обеспечение и администрирование информационных систем'),
('Думнов', 'Владислав', 'Александрович', '05430', 'Математическое обеспечение и администрирование информационных систем'),
('Дылыков', 'Даба', 'Александрович', '05322', 'Прикладная информатика'),
('Дымбрылова', 'Бутит', 'Жаргаловна', '05330', 'Прикладная информатика'),
('Ендан', 'Орлана', 'Монге-Баировна', '05330', 'Прикладная информатика'),
('Епифанцева', 'Ольга', 'Николаевна', '05130', 'Математика'),
('Ергонов', 'мгорь', 'Геннадьевич', '05430', 'Математическое обеспечение и администрирование информационных систем'),
('Еременко', 'Дмитрий', 'Вячеславович', '05290', 'Прикладная математика и информатика'),
('Ефимов', 'Ефим', 'Сергеевич', '05330', 'Прикладная информатика'),
('Ешиев', 'Цыдып', 'Баирович', '05322', 'Прикладная информатика'),
('Ешиев', 'Галсан', 'Мункуевич', '05421', 'Математическое обеспечение и администрирование информационных систем'),
('Ешиев', 'Цыдып', 'Баирович', '05330', 'Прикладная информатика'),
('Жамсаева', 'Эржена', 'Александровна', '05321', 'Прикладная информатика'),
('Жамсаранова', 'Валентина', 'Солбоновна', '05290', 'Прикладная математика и информатика'),
('Жамьянов', 'Владимир', 'Александрович', '05422', 'Математическое обеспечение и администрирование информационных систем'),
('Жамьянова', 'Лилия', 'Викторовна', '05490', 'Математическое обеспечение и администрирование информационных систем'),
('Жапова', 'Дарима', 'Элбэктуевна', '05280', 'Прикладная математика и информатика'),
('Жаргалсайхан', 'Заяа', '', '05120', 'Математика'),
('Жданова', 'Екатерина', 'Михайловна', '05102б', 'Математика'),
('Жигжитов', 'Жаргал', 'Баирович', '05231', 'Прикладная математика и информатика'),
('Жимбеев', 'Сэнгэ', 'Геннадьевич', '05221', 'Прикладная математика и информатика'),
('Заиграев', 'мван', 'Павлович', '05421', 'Математическое обеспечение и администрирование информационных систем'),
('Залуцкий', 'Дмитрий', 'Андреевич', '05490', 'Математическое обеспечение и администрирование информационных систем'),
('Зинина', 'Ольга', 'Андреевна', '05490', 'Математическое обеспечение и администрирование информационных систем'),
('Зобнина', 'Галина', 'Васильевна', '05400', 'Математическое обеспечение и администрирование информационных систем'),
('Золотухина', 'Александра', 'Васильевна', '05330', 'Прикладная информатика'),
('Зундуев', 'Эрдэни', 'Цырендоржиевич', '05110', 'Математика'),
('мванова', 'Мария', 'Александровна', '05110', 'Математика'),
('мгнашкеев', 'Гэсэр', 'Геннадьевич', '05520', 'Математика и компьютерные науки'),
('мльин', 'Владимир', 'Николаевич', '05110', 'Математика'),
('млькова', 'мрина', 'Петровна', '05102б', 'Математика'),
('ммехенов', 'Юрий', 'Борисович', '05400', 'Математическое обеспечение и администрирование информационных систем'),
('мргит', 'Юлиана', 'Рапутовна', '05130', 'Математика'),
('мскакова', 'Руслана', 'мгоревна', '05520', 'Математика и компьютерные науки'),
('мсрафилов', 'Джавид', 'Шамиль Оглы', '05310', 'Прикладная информатика'),
('Кажарская', 'Полина', 'Владимировна', '05400', 'Математическое обеспечение и администрирование информационных систем'),
('Казьмин', 'мван', 'Дмитриевич', '05211', 'Прикладная математика и информатика'),
('Калашникова', 'Наталья', 'Олеговна', '05430', 'Математическое обеспечение и администрирование информационных систем'),
('Калёных', 'Глеб', 'Михайлович', '05290', 'Прикладная математика и информатика'),
('Каплин', 'Алексей', 'мгоревич', '05530', 'Математика и компьютерные науки'),
('Ким', 'Балта', 'Баяртуевич', '05290', 'Прикладная математика и информатика'),
('Ким', 'Алина', 'Геннадьевна', '05130', 'Математика'),
('Китаев', 'Максим', 'Владимирович', '05421', 'Математическое обеспечение и администрирование информационных систем'),
('Клиновский', 'Михаил', 'Александрович', '05421', 'Математическое обеспечение и администрирование информационных систем'),
('Кобылкин', 'млья', 'Андреевич', '05110', 'Математика'),
('Козырев', 'Сергей', 'мгоревич', '05422', 'Математическое обеспечение и администрирование информационных систем'),
('Кондратьев', 'Леонид', 'Сергеевич', '05211', 'Прикладная математика и информатика'),
('Коногоров', 'Александр', 'Олегович', '05322', 'Прикладная информатика'),
('Кононова', 'Ольга', 'Валерьевна', '05400', 'Математическое обеспечение и администрирование информационных систем'),
('Красовская', 'Светлана', 'Олеговна', '05530', 'Математика и компьютерные науки'),
('Криволапов', 'Николай', 'мльич', '05421', 'Математическое обеспечение и администрирование информационных систем'),
('Кривоносов', 'мннокентий', 'Александрович', '05201', 'Прикладная математика и информатика'),
('Кужугет', 'Алдын-Сай', 'Артемовна', '05130', 'Математика'),
('Кузнецова', 'Тамара', 'мгоревна', '05201', 'Прикладная математика и информатика'),
('Кузнецова', 'Татьяна', 'Николаевна', '05430', 'Математическое обеспечение и администрирование информационных систем'),
('Кулик', 'Андрей', 'Александрович', '05120', 'Математика'),
('Куренков', 'Денис', 'Сергеевич', '05202б', 'Прикладная математика и информатика'),
('Ламажапов', 'Аюша', 'Жамсаранжапович', '05290', 'Прикладная математика и информатика'),
('Лебедев', 'Дмитрий', 'Вадимович', '05421', 'Математическое обеспечение и администрирование информационных систем'),
('Леснеев', 'Александр', 'Юрьевич', '05330', 'Прикладная информатика'),
('Лиджеев', 'Александр', 'Викторович', '05321', 'Прикладная информатика'),
('Лобанов/Баранов', 'Алексей', 'Валерьевич', '05290', 'Прикладная математика и информатика'),
('Лупашко', 'Наталия', 'Андреевна', '05400', 'Математическое обеспечение и администрирование информационных систем'),
('Любишин', 'Алексей', 'Юрьевич', '05400', 'Математическое обеспечение и администрирование информационных систем'),
('Макарова', 'Наталья', 'Сергеевна', '05102б', 'Математика'),
('Маковецкий', 'Роман', 'Владиславович', '05422', 'Математическое обеспечение и администрирование информационных систем'),
('Максимова', 'Елена', 'Юрьевна', '05422', 'Математическое обеспечение и администрирование информационных систем'),
('Малисова', 'Валентина', 'Андреевна', '05280', 'Прикладная математика и информатика'),
('Мальцев', 'Станислав', 'Петрович', '05211', 'Прикладная математика и информатика'),
('Мальцева', 'мрина', 'Михайловна', '05322', 'Прикладная информатика'),
('Мантатов', 'Алексей', 'Сергеевич', '05330', 'Прикладная информатика'),
('Мартый-оол', 'Айдын-кыс', 'Аясовна', '05130', 'Математика'),
('Мартынов', 'Никита', 'Николаевич', '05422', 'Математическое обеспечение и администрирование информационных систем'),
('Мархаев', 'Цырен-Доржо', 'Юрьевич', '05310', 'Прикладная информатика'),
('Мархаев', 'Санжа', 'Анатольевич', '05530', 'Математика и компьютерные науки'),
('Меркушев', 'Антон', 'Витальевич', '05120', 'Математика'),
('Мешков', 'Евгений', 'Анатольевич', '05232', 'Прикладная математика и информатика'),
('Мижитова', 'Виктория', 'Вадимовна', '05221', 'Прикладная математика и информатика'),
('Миронов', 'Василий', 'Михайлович', '05322', 'Прикладная информатика'),
('Мисюркеева', 'Татьяна', 'Александровна', '05102б', 'Математика'),
('Миткус', 'Ксения', 'Вячеславовна', '05411', 'Математическое обеспечение и администрирование информационных систем'),
('Мокрова', 'Анастасия', 'Николаевна', '05201', 'Прикладная математика и информатика'),
('Монголонова', 'Александра', 'Николаевна', '05221', 'Прикладная математика и информатика'),
('Монгуш', 'Чечена', 'Олеговна', '05290', 'Прикладная математика и информатика'),
('Монгуш', 'Азиана', 'Алексеевна', '05120', 'Математика'),
('Монич', 'Лариса', 'Вячеславовна', '05232', 'Прикладная математика и информатика'),
('Монтоев', 'Денис', 'Вениаминович', '05330', 'Прикладная информатика'),
('Мункоева', 'Алтана', 'Владимировна', '05110', 'Математика'),
('Муруев', 'Константин', 'Вячеславович', '05322', 'Прикладная информатика'),
('Намдыков', 'Жаргал', 'Николаевич', '05422', 'Математическое обеспечение и администрирование информационных систем'),
('Намжилов', 'Золто', 'Владимирович', '05290', 'Прикладная математика и информатика'),
('Никитин', 'Никита', 'Викторович', '05430', 'Математическое обеспечение и администрирование информационных систем'),
('Николаев', 'Амарсайхан', 'Дондогсамбуевич', '05430', 'Математическое обеспечение и администрирование информационных систем'),
('Николаевский', 'Никита', 'Олегович', '05411', 'Математическое обеспечение и администрирование информационных систем'),
('Никонов', 'Александр', 'Петрович', '05490', 'Математическое обеспечение и администрирование информационных систем'),
('Никонов', 'Руслан', 'Валерьевич', '05322', 'Прикладная информатика'),
('Никонов', 'Руслан', 'Валерьевич', '05330', 'Прикладная информатика'),
('Нимаев', 'Сергей', 'Андреевич', '05290', 'Прикладная математика и информатика'),
('Нимаева', 'Светлана', 'Солбоновна', '05310', 'Прикладная информатика'),
('Новиков', 'Сергей', 'мванович', '05520', 'Математика и компьютерные науки'),
('Норбоева', 'Эржена', 'Геннадьевна', '05530', 'Математика и компьютерные науки'),
('Носкова', 'Валентина', 'Анатольевна', '05520', 'Математика и компьютерные науки'),
('Оборова', 'Татьяна', 'мгоревна', '05280', 'Прикладная математика и информатика'),
('Овечкин', 'Никита', 'Дмитриевич', '05211', 'Прикладная математика и информатика'),
('Огуло', 'Максим', 'Александрович', '05130', 'Математика'),
('Ондар', 'Оттук', 'Билзей-оолович', '05530', 'Математика и компьютерные науки'),
('Осоев', 'Алексей', 'Викторович', '05231', 'Прикладная математика и информатика'),
('Охинова', 'Сарюна', 'Андреевна', '05530', 'Математика и компьютерные науки'),
('Очиржапов', 'Ширап', 'Алдарович', '05430', 'Математическое обеспечение и администрирование информационных систем'),
('Очирова', 'Светлана', 'Александровна', '05530', 'Математика и компьютерные науки'),
('Ошорова', 'Александра', 'Самбаевна', '05221', 'Прикладная математика и информатика'),
('Павленко', 'Дмитрий', 'Александрович', '05430', 'Математическое обеспечение и администрирование информационных систем'),
('Пантелеев', 'Никита', 'Юрьевич', '05221', 'Прикладная математика и информатика'),
('Панькова', 'Анна', 'Николаевна', '05422', 'Математическое обеспечение и администрирование информационных систем'),
('Перелыгина', 'Виктория', 'Алексеевна', '05322', 'Прикладная информатика'),
('Петрова', 'Юлия', 'Баировна', '05430', 'Математическое обеспечение и администрирование информационных систем'),
('Писарев', 'Александр', 'Николаевич', '05330', 'Прикладная информатика'),
('Плеханова', 'Татьяна', 'Петровна', '05102б', 'Математика'),
('Полхонова', 'Эржена', 'Лопсоновна', '05130', 'Математика'),
('Попова', 'Ксения', 'Вячеславовна', '05231', 'Прикладная математика и информатика'),
('Протасова', 'Айгуль', 'Васильевна', '05520', 'Математика и компьютерные науки'),
('Пысларь', 'Жанна', 'Робертовна', '05421', 'Математическое обеспечение и администрирование информационных систем'),
('Раднаев', 'мгорь', 'Жимбеевич', '05490', 'Математическое обеспечение и администрирование информационных систем'),
('Раднаев', 'Эрдэм', 'Дмитриевич', '05110', 'Математика'),
('Раднаев', 'Базар', 'Баирович', '05422', 'Математическое обеспечение и администрирование информационных систем'),
('Раднаев', 'Николай', 'Зориктуевич', '05430', 'Математическое обеспечение и администрирование информационных систем'),
('Раднаева', 'Эльвира', 'Баясхаловна', '05490', 'Математическое обеспечение и администрирование информационных систем'),
('Раднаева', 'Соелма', 'Баторовна', '05211', 'Прикладная математика и информатика'),
('Разуваева', 'Елена', 'Николаевна', '05490', 'Математическое обеспечение и администрирование информационных систем'),
('Разумова', 'Оксана', 'Борисовна', '05530', 'Математика и компьютерные науки'),
('Ринчино', 'Чимит', 'Мэргэнович', '05330', 'Прикладная информатика'),
('Ринчинов', 'Мигмар', 'Баирович', '05490', 'Математическое обеспечение и администрирование информационных систем'),
('Ринчинова', 'Эржена', 'Цыремпиловна', '05290', 'Прикладная математика и информатика'),
('Родионов', 'Павел', 'Сергеевич', '05430', 'Математическое обеспечение и администрирование информационных систем'),
('Романов', 'Юрий', 'Сергеевич', '05400', 'Математическое обеспечение и администрирование информационных систем'),
('Романова', 'мрина', 'Андреевна', '05430', 'Математическое обеспечение и администрирование информационных систем'),
('Рубба', 'Павел', 'Анатольевич', '05400', 'Математическое обеспечение и администрирование информационных систем'),
('Рубба', 'Максим', 'Анатольевич', '05221', 'Прикладная математика и информатика'),
('Ружанский', 'Александр', 'Дмитриевич', '05422', 'Математическое обеспечение и администрирование информационных систем'),
('Рыболов', 'Александр', 'Николаевич', '05422', 'Математическое обеспечение и администрирование информационных систем'),
('Рыгзынов', 'Алексей', 'Феликсович', '05490', 'Математическое обеспечение и администрирование информационных систем'),
('Савельев', 'Антон', 'Николаевич', '05221', 'Прикладная математика и информатика'),
('Саидов', 'Андрей', 'Рашитович', '05321', 'Прикладная информатика'),
('Салуянова', 'Анжелика', 'Андреевна', '05411', 'Математическое обеспечение и администрирование информационных систем'),
('Самбуев', 'Александр', 'Цырен-Доржиевич', '05421', 'Математическое обеспечение и администрирование информационных систем'),
('Самбуев', 'Александр', 'Цырен-Доржиевич', '05430', 'Математическое обеспечение и администрирование информационных систем'),
('Самойлов', 'Максим', 'Николаевич', '05130', 'Математика'),
('Сафонова', 'Галина', 'Викторовна', '05130', 'Математика'),
('Саяпин', 'Никита', 'Александрович', '05231', 'Прикладная математика и информатика'),
('Седии', 'Саида', 'Сергеевна', '05530', 'Математика и компьютерные науки'),
('Селезнёв', 'Сергей', 'Евгеньевич', '05530', 'Математика и компьютерные науки'),
('Семёнова', 'Виктория', 'Эдуардовна', '05530', 'Математика и компьютерные науки'),
('Сидорова', 'Елена', 'Николаевна', '05530', 'Математика и компьютерные науки'),
('Симбирцева', 'Анастасия', 'Александровна', '05201', 'Прикладная математика и информатика'),
('Симонова', 'Юлия', 'Андреевна', '05490', 'Математическое обеспечение и администрирование информационных систем'),
('Скворцов', 'Руслан', 'Евгеньевич', '05290', 'Прикладная математика и информатика'),
('Смолин', 'Артем', 'Александрович', '05490', 'Математическое обеспечение и администрирование информационных систем'),
('Смольников', 'Владимир', 'Владимирович', '05330', 'Прикладная информатика'),
('Содномов', 'Роман', 'мринчеевич', '05211', 'Прикладная математика и информатика'),
('Содномов', 'Александр', 'Владимирович', '05120', 'Математика'),
('Содномова', 'Уржин-Ханда', 'Батомункуевна', '05520', 'Математика и компьютерные науки'),
('Соколов', 'Александр', 'Сергеевич', '05330', 'Прикладная информатика'),
('Соловьев', 'Андрей', 'Викторович', '05411', 'Математическое обеспечение и администрирование информационных систем'),
('Сороковиков', 'Павел', 'Сергеевич', '05411', 'Математическое обеспечение и администрирование информационных систем'),
('Соседов', 'Сергей', 'Сергеевич', '05211', 'Прикладная математика и информатика'),
('Сотников', 'Константин', 'Витальевич', '05290', 'Прикладная математика и информатика'),
('Степанов', 'Олег', 'Владимирович', '05211', 'Прикладная математика и информатика'),
('Стрельцов', 'Павел', 'Константинович', '05102б', 'Математика'),
('Стрижанов', 'Дмитрий', 'Валерьевич', '05430', 'Математическое обеспечение и администрирование информационных систем'),
('Сучкова', 'Любовь', 'Мухамедовна', '05330', 'Прикладная информатика'),
('Танхасаев', 'Аюр', 'Маратович', '05231', 'Прикладная математика и информатика'),
('Темникова', 'Юлия', 'Сергеевна', '05400', 'Математическое обеспечение и администрирование информационных систем'),
('Тен', 'Александр', 'Сергеевич', '05322', 'Прикладная информатика'),
('Тен', 'Александр', 'Сергеевич', '05330', 'Прикладная информатика'),
('Терентьев', 'Владимир', 'Борисович', '05310', 'Прикладная информатика'),
('Тирская', 'Екатерина', 'Вячеславовна', '05212', 'Прикладная математика и информатика'),
('Ткачев', 'Евгений', 'Александрович', '05232', 'Прикладная математика и информатика'),
('Ткачева', 'Анна', 'Анатольевна', '05202б', 'Прикладная математика и информатика'),
('Токтохоева', 'Баирма', 'Цыденжаповна', '05102б', 'Математика'),
('Толстихина', 'Александра', 'Сергеевна', '05421', 'Математическое обеспечение и администрирование информационных систем'),
('Трухно', 'мрина', 'Андреевна', '05421', 'Математическое обеспечение и администрирование информационных систем'),
('Туголуков', 'Александр', 'Викторович', '05411', 'Математическое обеспечение и администрирование информационных систем'),
('Тумурова', 'Аягма', 'Даширабдановна', '05520', 'Математика и компьютерные науки'),
('Тыхеева', 'Туяна', 'Баировна', '05310', 'Прикладная информатика'),
('Урмаев', 'Александр', 'Андреевич', '05490', 'Математическое обеспечение и администрирование информационных систем'),
('Фадеев', 'Александр', 'Вячеславович', '05120', 'Математика'),
('Федоров', 'Евгений', 'Сергеевич', '05421', 'Математическое обеспечение и администрирование информационных систем'),
('Федотова', 'Наталья', 'Сергеевна', '05322', 'Прикладная информатика'),
('Филиппов', 'Денис', 'Васильевич', '05530', 'Математика и компьютерные науки'),
('Филиппов', 'мннокентий', 'мгоревич', '05232', 'Прикладная математика и информатика'),
('Фомина', 'Александра', 'Дмитриевна', '05422', 'Математическое обеспечение и администрирование информационных систем'),
('Хабудаева', 'Нина', 'Михайловна', '05322', 'Прикладная информатика'),
('Халбаев', 'Тамир', 'мосифович', '05102б', 'Математика'),
('Ханхатов', 'Марат', 'Александрович', '05330', 'Прикладная информатика'),
('Хаптахаева', 'Анжелика', 'Александровна', '05231', 'Прикладная математика и информатика'),
('Харахинов', 'Баир', 'Владиславович', '05231', 'Прикладная математика и информатика'),
('Харитонова', 'Наталья', 'Георгиевна', '05520', 'Математика и компьютерные науки'),
('Хартиков', 'Николай', 'Андреевич', '05430', 'Математическое обеспечение и администрирование информационных систем'),
('Хорлоев', 'Дугар', 'Владимирович', '05310', 'Прикладная информатика'),
('Хуташкеев', 'Намжил', 'Анатольевич', '05530', 'Математика и компьютерные науки'),
('Цыбиков', 'Данил', 'Владимирович', '05232', 'Прикладная математика и информатика'),
('Цыбикова', 'Саяна', 'Сергеевна', '05290', 'Прикладная математика и информатика'),
('Цыденжапов', 'Цырен', 'Дашидондокович', '05310', 'Прикладная информатика'),
('Цыденов', 'Баир', 'Чингисович', '05421', 'Математическое обеспечение и администрирование информационных систем'),
('Цыдыпова', 'Галина', 'Петровна', '05310', 'Прикладная информатика'),
('Цыремпилов', 'Константин', 'Эдуардович', '05232', 'Прикладная математика и информатика'),
('Цыремпилова', 'Номина', 'Гармазадиевна', '05520', 'Математика и компьютерные науки'),
('Цырендашиева', 'Наран', 'Арсалановна', '05232', 'Прикладная математика и информатика');
INSERT INTO `observer_whole` (`name`, `sec_name`, `patronymic`, `group_name`, `group_spec`) VALUES
('Цырендоржиева', 'Туяна', 'Баировна', '05280', 'Прикладная математика и информатика'),
('Цыренжапов', 'Аюр', 'Доржиевич', '05290', 'Прикладная математика и информатика'),
('Цыренжапов', 'Баир', 'Васильевич', '05400', 'Математическое обеспечение и администрирование информационных систем'),
('Цыренов', 'Зорикто', 'Батонимаевич', '05192б', 'Математика'),
('Цыренов', 'Батор', 'Аюшиевич', '05330', 'Прикладная информатика'),
('Цыренова', 'Валентина', 'Викторовна', '05110', 'Математика'),
('Чанчиков', 'Павел', 'Александрович', '05321', 'Прикладная информатика'),
('Черепанов', 'Константин', 'Сергеевич', '05400', 'Математическое обеспечение и администрирование информационных систем'),
('Черненко', 'Виталий', 'Михайлович', '05400', 'Математическое обеспечение и администрирование информационных систем'),
('Чесноков', 'Андрей', 'Михайлович', '05290', 'Прикладная математика и информатика'),
('Чимитцыренов', 'Жамьян', 'Гончикович', '05231', 'Прикладная математика и информатика'),
('Чойнжуров', 'Сергей', 'Владимирович', '05330', 'Прикладная информатика'),
('Чукреева', 'Анжелика', 'Владимировна', '05330', 'Прикладная информатика'),
('Чутченко', 'Александр', 'Александрович', '05330', 'Прикладная информатика'),
('Шабельская', 'Вероника', 'Максимовна', '05411', 'Математическое обеспечение и администрирование информационных систем'),
('Шагдурова', 'мрина', 'Андреевна', '05102б', 'Математика'),
('Шагжеев', 'Алексей', 'Саянович', '05130', 'Математика'),
('Шагжина', 'Аюна', 'Гурдармаевна', '05520', 'Математика и компьютерные науки'),
('Шадапов', 'Андрей', 'Цыремпилович', '05211', 'Прикладная математика и информатика'),
('Шактамаева', 'Дугарма', 'Геннадьевна', '05330', 'Прикладная информатика'),
('Шалтыков', 'Родион', 'Андреевич', '05411', 'Математическое обеспечение и администрирование информационных систем'),
('Шеметова', 'Юлия', 'Николаевна', '05211', 'Прикладная математика и информатика'),
('Шерстобитова', 'Анастасия', 'Александровна', '05490', 'Математическое обеспечение и администрирование информационных систем'),
('Шитина', 'Виктория', 'Андреевна', '05520', 'Математика и компьютерные науки'),
('Шиханова', 'Дарья', 'Дмитриевна', '05530', 'Математика и компьютерные науки'),
('Шобогоров', 'Пётр', 'Александрович', '05221', 'Прикладная математика и информатика'),
('Шодонова', 'Елена', 'Валерьевна', '05201', 'Прикладная математика и информатика'),
('Шорников', 'Александр', 'Евгеньевич', '05232', 'Прикладная математика и информатика'),
('Шульгина', 'Ксения', 'Евгеньевна', '05411', 'Математическое обеспечение и администрирование информационных систем'),
('Шунков', 'Виктор', 'Дмитриевич', '05322', 'Прикладная информатика'),
('Юможапова', 'Арюна', 'Булатовна', '05211', 'Прикладная математика и информатика'),
('Якимова', 'Екатерина', 'Сергеевна', '05290', 'Прикладная математика и информатика');

-- --------------------------------------------------------

--
-- Table structure for table `privilegies`
--

CREATE TABLE IF NOT EXISTS `privilegies` (
  `id` int(11) NOT NULL,
  `statusid` int(11) NOT NULL,
  `grant` int(11) NOT NULL
) ENGINE=MyISAM DEFAULT CHARSET=cp1251;

--
-- Dumping data for table `privilegies`
--

INSERT INTO `privilegies` (`id`, `statusid`, `grant`) VALUES
(0, 1, 1),
(1, 1, 1),
(13, 1, 1),
(14, 2, 1),
(0, 2, 1),
(14, 3, 1),
(0, 3, 1);

-- --------------------------------------------------------

--
-- Table structure for table `user`
--

CREATE TABLE IF NOT EXISTS `user` (
  `id` int(11) NOT NULL AUTO_INCREMENT,
  `login` varchar(32) NOT NULL,
  `password` varchar(32) NOT NULL,
  `statusid` int(11) NOT NULL,
  `description` text NOT NULL,
  PRIMARY KEY (`id`)
) ENGINE=MyISAM  DEFAULT CHARSET=cp1251 AUTO_INCREMENT=36 ;

--
-- Dumping data for table `user`
--

INSERT INTO `user` (`id`, `login`, `password`, `statusid`, `description`) VALUES
(1, 'admin', '95365cba107b4c6d890ee4ee13b7bf82', 1, 'Администратор'),
(8, 'dekanat', '9d867bdb89a97f4373a3edbae3d4f1c3', 2, 'Деканат ИМИ'),
(9, '05421', '310182dfdf895ed98d5f06eba8b6cc31', 3, 'Староста группы №05421'),
(10, '05490', 'ef9697c994f7c286a23d49dbc9f775aa', 3, 'Староста группы №05490'),
(11, '05400', '48308021cd8e65199a5735d14e5581c7', 3, 'Староста группы №05400'),
(12, '05422', 'd315d9ade3828ac4d633d9a8d7280f24', 3, 'Староста группы №05422'),
(13, '05102б', '55393312ccb5f2f7beaab744234ff035', 3, 'Староста группы №05102б'),
(14, '05411', 'adc530c830bab8840f4d0ba54bcdea68', 3, 'Староста группы №05411'),
(15, '05310', 'a52be12872bbe34674873538ba2ea5c1', 3, 'Староста группы №05310'),
(16, '05110', '0cb448b67911d28e6dad9c278297f4be', 3, 'Староста группы №05110'),
(17, '05290', '52340223fd72df46f1c0805286d3f538', 3, 'Староста группы №05290'),
(18, '05130', '6fd9a2a15b970110c404483e476309d1', 3, 'Староста группы №05130'),
(19, '05330', 'a4cb10d2e1c871a70ef07ad35c878322', 3, 'Староста группы №05330'),
(20, '05530', '2839484d4c01704212049150feff01a3', 3, 'Староста группы №05530'),
(21, '05211', '9a6245c222cc8b0c101ea9677038e5f0', 3, 'Староста группы №05211'),
(22, '05221', '90fa77bcbf927cf94a12f7d4ce6d969e', 3, 'Староста группы №05221'),
(23, '05280', 'ebce5428a54495e5bd1e08f4273f5b1b', 3, 'Староста группы №05280'),
(24, '05321', '857c735b0e347ba617dcffd821af028f', 3, 'Староста группы №05321'),
(25, '05231', '46995f2a4303d7087dfdd6a2856e13e6', 3, 'Староста группы №05231'),
(26, '05430', '68ef0af587cb48d1e995ff8e16473b62', 3, 'Староста группы №05430'),
(27, '05322', '3be4727512bda1688c0e4364ed6bfd20', 3, 'Староста группы №05322'),
(28, '05520', '1c25644835ce8bdb53d1edabe405fe22', 3, 'Староста группы №05520'),
(29, '05201', '37e6099e42fa780ea212cefe82b08f89', 3, 'Староста группы №05201'),
(30, '05202б', '86905097c2456348e3bdbfd2361665b1', 3, 'Староста группы №05202б'),
(31, '05232', 'b5861b1348fde28b84de79cff9151dcb', 3, 'Староста группы №05232'),
(32, '05120', '8e41c5cb2bda57d0b684f7d868535876', 3, 'Староста группы №05120'),
(33, '05320', 'c703203d65e8b29ff842c2b3f4ce323c', 3, 'Староста группы №05320'),
(34, '05212', '1a82669b4e8af010357a581d3632b66e', 3, 'Староста группы №05212'),
(35, '05192б', '28517095874168b136b11d68587cf411', 3, 'Староста группы №05192б');

-- --------------------------------------------------------

--
-- Table structure for table `userstatus`
--

CREATE TABLE IF NOT EXISTS `userstatus` (
  `id` int(11) NOT NULL AUTO_INCREMENT,
  `title` varchar(255) NOT NULL,
  PRIMARY KEY (`id`)
) ENGINE=MyISAM  DEFAULT CHARSET=cp1251 AUTO_INCREMENT=4 ;

--
-- Dumping data for table `userstatus`
--

INSERT INTO `userstatus` (`id`, `title`) VALUES
(1, 'Администратор'),
(2, 'Деканат'),
(3, 'Староста группы');
